{"cameraMode":{"drawMode":0,"name":"Shaded","section":"Shading Mode"},"sceneLighting":false,"audioPlay":false,"sceneViewState":{"m_AlwaysRefresh":false,"showFog":true,"showSkybox":false,"showFlares":true,"showImageEffects":true,"showParticleSystems":true,"showVisualEffectGraphs":true,"m_FxEnabled":true},"in2DMode":false,"pivot":{"x":10.811895370483399,"y":-4.1894755363464359,"z":49.67910385131836},"rotation":{"x":0.041023168712854388,"y":-0.00496856402605772,"z":0.00021088705398142338,"w":0.9991229176521301},"size":27.47065544128418,"orthographic":false}