{"cameraMode":{"drawMode":0,"name":"Shaded","section":"Shading Mode"},"sceneLighting":false,"audioPlay":false,"sceneViewState":{"m_AlwaysRefresh":false,"showFog":true,"showSkybox":false,"showFlares":true,"showImageEffects":true,"showParticleSystems":true,"showVisualEffectGraphs":true,"m_FxEnabled":true},"in2DMode":false,"pivot":{"x":-0.04697895050048828,"y":0.028263330459594728,"z":-0.000003814697265625},"rotation":{"x":0.06494903564453125,"y":-0.034891314804553989,"z":0.002275291830301285,"w":0.9972583651542664},"size":0.7664273977279663,"orthographic":false}