{"cameraMode":{"drawMode":0,"name":"Shaded","section":"Shading Mode"},"sceneLighting":false,"audioPlay":false,"sceneViewState":{"m_AlwaysRefresh":false,"showFog":true,"showSkybox":false,"showFlares":true,"showImageEffects":true,"showParticleSystems":true,"showVisualEffectGraphs":true,"m_FxEnabled":true},"in2DMode":false,"pivot":{"x":12.747028350830079,"y":0.10100794583559036,"z":-1.0610802173614503},"rotation":{"x":0.010805456899106503,"y":-0.031181393191218377,"z":0.00033476107637397945,"w":0.9994468688964844},"size":1.4605309963226319,"orthographic":false}