{"cameraMode":{"drawMode":0,"name":"Shaded","section":"Shading Mode"},"sceneLighting":false,"audioPlay":false,"sceneViewState":{"m_AlwaysRefresh":false,"showFog":true,"showSkybox":false,"showFlares":true,"showImageEffects":true,"showParticleSystems":true,"showVisualEffectGraphs":true,"m_FxEnabled":true},"in2DMode":false,"pivot":{"x":13.339741706848145,"y":1.9873453378677369,"z":-7.707610607147217},"rotation":{"x":0.021265916526317598,"y":0.15782660245895387,"z":-0.003402232425287366,"w":0.9872395992279053},"size":3.6267669200897219,"orthographic":false}